SRS_ID;WADMKK;WADMPR;NO;NAMA ITEM DATA;KELURAHAN;KECAMATAN;LATITUDE;LONGITUDE;TIPE ATM;ALAMAT
SRGI 2013;Agam;Sumatera Barat;1;A. YANI PAYAKUMBUH;LUNDANG;PAYAKUMBUH BARAT;-0.22196576220638836;100.63305271954982;ATM Tunai;JL.A.YANI NO.24 PAYAKUMBUH
SRGI 2013;Dharmasraya;Sumatera Barat;2;APOTIK METRO GADUT;NAGARI GADUT;TILATANG KAMANG;-0.2760417760415793;100.36624572208136;ATM Tunai;JL.RAYA BUKIT AMBACANG NO.108 KAB AGAM
SRGI 2013;Kepulauan Mentawai;Sumatera Barat;3;AROMA KITCHEN RESTO;PARUPUK TABING;KOTO TANGAH;-0.8704840516223766;100.34474611336655;ATM Tunai;JL.PROF.DR HAMKA RT.003 RW.002
SRGI 2013;Kota Bukittinggi;Sumatera Barat;4;BANDARA INT MINANGKABAU;BATANG ANAI;BATANG ANAI;-0.7855712630241705;100.30237062684101;ATM Tunai;JL. SYECH BURHANUDDIN KETAPING PADANG PARIAMAN
SRGI 2013;Kota Padang;Sumatera Barat;5;BLG KC BUKITTINGGI CRM;ATTS;GUGUAK PANJANG;-0.288985003135685;100.37255410656847;CRM;JL. PERINTIS KEMERDEKAAN NO. 15 - BUKITTINGGI
SRGI 2013;Kota Padang Panjang;Sumatera Barat;6;BNI SYARIAH BUKITTINGGI;TAROK DIPO;GUGUK PANJANG;-0.32069737654343955;100.37793613306735;ATM Tunai;JL.SUDIRMAN BUKITTINGGI / BNI SYARIAH
SRGI 2013;Kota Pariaman;Sumatera Barat;7;BNI SYARIAH SOLOK;IV KOTO;KEC. PULAU PUNJUNG;-0.9513207786300344;101.49086673079759;CRM;JL. LINTAS SUMATERA KM1 JORONG SIMPANG, POGANG NAGARI IV
SRGI 2013;Kota Payakumbuh;Sumatera Barat;8;BPK RI SUMATRA BARAT;LOLONG BELANTI;PADANG UTARA;-0.9092380188975547;100.3557392738317;ATM Tunai;JL KHATIB SULAIMAN NO. 54 PADANG
SRGI 2013;Kota Sawahlunto;Sumatera Barat;9;CAPEM SAWAH LUNTO;PASAR REMAJA;PASAR REMAJA;-0.6438741571420963;100.77908410947727;ATM Tunai;JL. A YANI NO. 205 KOMPLEKS PASAR REMAJA KOTA SAWAHLUNTO
SRGI 2013;Kota Solok;Sumatera Barat;10;DRIVE THRU;KAMPUNG PONDOK;PADANG BARAT;-0.9544896634870583;100.3595743192732;ATM Tunai;JL. DOBI NO. 1 PADANG
SRGI 2013;Lima Puluh Kota;Sumatera Barat;11;GALLERY KCP A YANI;PADANG PASIR;PADANG BARAT;-0.9424162338556553;100.35937832869102;CRM;JALAN JEND. A. YANI NO.18 PADANG
SRGI 2013;Padang Pariaman;Sumatera Barat;12;GALLERY KCP A YANI;PADANG PASIR;PADANG BARAT;-0.9424162338556553;100.35937832869102;ATM Tunai;JL. A YANI NO. 18 PADANG
SRGI 2013;Pasaman;Sumatera Barat;13;GALLERY KCP A YANI;PADANG PASIR;PADANG BARAT;-0.9424162338556553;100.35937832869102;ATM Non-Tunai;JL. A YANI NO. 18 PADANG
SRGI 2013;Pasaman Barat;Sumatera Barat;14;GALLERY KCP A YANI;PADANG PASIR;PADANG BARAT;-0.9424162338556553;100.35937832869102;CRM;JL. A YANI NO. 18 PADANG
SRGI 2013;Pesisir Selatan;Sumatera Barat;15;GALLERY KCP A YANI;PADANG PASIR;PADANG BARAT;-0.9424162338556553;100.35937832869102;ATM Tunai;JL. JEND. A. YANI NO. 18 PADANG
SRGI 2013;Sijunjung;Sumatera Barat;16;GALLERY KCP A YANI;PADANG PASIR;PADANG BARAT;-0.9424162338556553;100.35937832869102;ATM Tunai;JL. JEND. A. YANI NO. 18, PADANG
SRGI 2013;Solok;Sumatera Barat;17;GALLERY KCP A YANI;PADANG PASIR;PADANG BARAT;-0.9424162338556553;100.35937832869102;ATM Tunai;JL. PEJANGGIK NO. 45 - 47 CAKRANEGARA
SRGI 2013;Solok Selatan;Sumatera Barat;18;GALLERY KCP A YANI;PADANG PASIR;PADANG BARAT;-0.9424162338556553;100.35937832869102;ATM Tunai;JL. SOEKARNO HATTA NO.918E
SRGI 2013;Tanah Datar;Sumatera Barat;19;GALLERY KCP AIR TAWAR;AIR TAWAR BARAT;PADANG UTARA;-0.8941842834144316;100.35159502227036;CRM;JALAN DR. HAMKA KOMPLEK UNP PADANG
;;Sumatera Barat;20;GALLERY KCP AIR TAWAR;AIR TAWAR BARAT;PADANG UTARA;-0.8941842834144316;100.35159502227036;ATM Tunai;JL. DR. HAMKA KOMP. UNP PADANG
;;Sumatera Barat;21;GALLERY KCP AIR TAWAR;AIR TAWAR BARAT;PADANG UTARA;-0.8941842834144316;100.35159502227036;ATM Tunai;JL. HOLLYWOOD BOULEVARD, RUKO RODEO DRIVE BLOK B6 NO.1
;;Sumatera Barat;22;GALLERY KCP AIR TAWAR;AIR TAWAR BARAT;PADANG UTARA;-0.8941842834144316;100.35159502227036;ATM Tunai;RUKO CIMANGGIS 2 JL. RAYA BOGOR KM 30 RT .07/01 CIMANGGIS DEPOK
;;Sumatera Barat;23;GALLERY KCP AUR KUNING;TAROK DIPO;GUGUK PANJANG;-0.3097821189955265;100.38470073822563;ATM Non-Tunai;JL.BELAKANG PASAR AUR KUNING BUKITTINGGI
;;Sumatera Barat;24;GALLERY KCP AUR KUNING;TAROK DIPO;GUGUK PANJANG;-0.3097821189955265;100.38470073822563;ATM Tunai;JL.BELAKANG PASAR AUR KUNING BUKITTINGGI
;;Sumatera Barat;25;GALLERY KCP BATUSANGKAR;BERINGIN;LIMA KAUM;-0.46049814351097224;100.57943701627764;CRM;JALAN SUKARNO-HATTA NO.3 BATUSANGKAR
;;Sumatera Barat;26;GALLERY KCP BATUSANGKAR;BERINGIN;LIMA KAUM;-0.46049814351097224;100.57943701627764;ATM Tunai;JL S.A BAGAGARSYAH NO 16 PAGARUYUNG TJ EMAS KAB TANAH DATAR
;;Sumatera Barat;27;GALLERY KCP BATUSANGKAR;BERINGIN;LIMA KAUM;-0.46049814351097224;100.57943701627764;ATM Tunai;JL. SOEKARNO HATTA NO. 3 BATUSANGKAR
;;Sumatera Barat;28;GALLERY KCP BATUSANGKAR;BERINGIN;LIMA KAUM;-0.46049814351097224;100.57943701627764;ATM Tunai;JL. SOEKARNO HATTA NO. 3 BATUSANGKAR
;;Sumatera Barat;29;GALLERY KCP DOBI;KAMPUNG PONDOK;PADANG BARAT;-0.9479572391198565;100.35950907672775;ATM Tunai;JL. DOBI NO. 1 PADANG
;;Sumatera Barat;30;GALLERY KCP DOBI;KAMPUNG PONDOK;PADANG BARAT;-0.9479572391198565;100.35950907672775;ATM Tunai;JL. DOBI NO. 1 PADANG
;;Sumatera Barat;31;GALLERY KCP DOBI;KAMPUNG PONDOK;PADANG BARAT;-0.9479572391198565;100.35950907672775;CRM;JL. DOBI NO. 1 PADANG
;;Sumatera Barat;32;GALLERY KCP DOBI;KAMPUNG PONDOK;PADANG BARAT;-0.9479572391198565;100.35950907672775;CRM;JL. PROVINSI KM. 168, SATUI, ANGSANA, TANAH BUMBU, 72275
;;Sumatera Barat;33;GALLERY KCP DOBI;NIPAH;PADANG BARAT;-0.9479572391198565;100.35950907672775;ATM Tunai;JL DOBI NO 1
;;Sumatera Barat;34;GALLERY KCP KOTOBARU SOLOK;KOTO BARU;DHARMASRAYA;-1.087708769576455;101.72060842231092;CRM;JALAN LINTAS SUMATERA SIMPANG EMPAT KOTOBARU, DHARMASRAYA
;;Sumatera Barat;35;GALLERY KCP PADANG PANJANG;BUKIT SURUNGAN;PADANG PANJANG BARAT;-0.4547634586378313;100.40217941222261;ATM Tunai;JL. SOEKARNO - HATTA NO.12-14 PADANG PANJANG
;;Sumatera Barat;36;GALLERY KCP PADANG PANJANG;BUKIT SURUNGAN;PADANG PANJANG BARAT;-0.4547634586378313;100.40217941222261;ATM Tunai;JL. SOEKARNO - HATTA NO.12-14 PADANG PANJANG
;;Sumatera Barat;37;GALLERY KCP PADANG PANJANG;BUKIT SURUNGAN;PADANG PANJANG BARAT;-0.4547634586378313;100.40217941222261;CRM;JL. SOEKARNO - HATTA NO.12-14 PADANG PANJANG
;;Sumatera Barat;38;GALLERY KCP PARIAMAN;KAMPUNG PONDOK;PARIAMAN TENGAH;-0.6232614564843586;100.11997945752671;CRM;JALAN DIPONEGORO NO.14 PARIAMAN
;;Sumatera Barat;39;GALLERY KCP PARIAMAN;KAMPUNG PONDOK;PARIAMAN TENGAH;-0.6232614564843586;100.11997945752671;ATM Tunai;JALAN DIPONEGORO NO.14 PARIAMAN
;;Sumatera Barat;40;GALLERY KCP PARIAMAN;KAMPUNG PONDOK;PARIAMAN TENGAH;-0.6232614564843586;100.11997945752671;ATM Tunai;JL. DIPONEGORO NO. 14 PARIAMAN
;;Sumatera Barat;41;GALLERY KCP PARIAMAN;KAMPUNG PONDOK;PARIAMAN TENGAH;-0.6232614564843586;100.11997945752671;ATM Tunai;JL. DIPONOGORO NO. 14 PARIAMAN
;;Sumatera Barat;42;GALLERY KCP PARIAMAN;KAMPUNG PONDOK;PARIAMAN TENGAH;-0.6232614564843586;100.11997945752671;ATM Tunai;JLN.YOS SUDARSO N0.309 LUBUK LINGGAU
;;Sumatera Barat;43;GALLERY KCP PASAMAN;LINGKUANG AUA;PASAMAN;-0.23487734460130144;99.8348646520821;ATM Tunai;JL JENDRAL SUDIRMAN SIMPANG MEPAT PASAMAN
;;Sumatera Barat;44;GALLERY KCP PASAMAN;LINGKUANG AUA;PASAMAN;-0.23487734460130144;99.8348646520821;ATM Tunai;JL JENDRAL SUDIRMAN SIMPANG MEPAT PASAMAN
;;Sumatera Barat;45;GALLERY KCP PASAMAN;LINGKUANG AUA;PASAMAN;-0.23487734460130144;99.8348646520821;CRM;JL JENDRAL SUDIRMAN SIMPANG MEPAT PASAMAN
;;Sumatera Barat;46;GALLERY KCP VETERAN;KEL. PADANG PASIR;PADANG BARAT;-0.9414262344153607;100.35503547103743;CRM;JL. VETERAN NO. 10
;;Sumatera Barat;47;GALLERY KCP VETERAN;PURUS;PADANG BARAT;-0.9414262344153607;100.35503547103743;ATM Non-Tunai;JL. VETERAN NO. 10 PADANG
;;Sumatera Barat;48;GALLERY KCP VETERAN;PURUS;PADANG BARAT;-0.9415073204134903;100.35487447612265;ATM Tunai;JL. VETERAN NO. 10 PADANG
;;Sumatera Barat;47;GALLERY KCP VETERAN;PURUS;PADANG BARAT;-0.9415073204134903;100.35487447612265;ATM Tunai;JL. VETERAN NO. 10 PADANG
;;Sumatera Barat;50;GALLERY KCU BUKITTINGGI;ATTS;GUGUAK PANJANG;-0.30410369805251514;100.37054954990658;CRM;JALAN PERINTIS KEMERDEKAAN NO.15 BUKIT TINGGI
;;Sumatera Barat;51;GALLERY KCU BUKITTINGGI;ATTS;GUGUK PANJANG;-0.30464450024327455;100.37054955036216;ATM Tunai;JALANPERINTIS KEMERDEKAAN NO.15 BUKIT TINGGI
;;Sumatera Barat;52;GALLERY KCU BUKITTINGGI;ATTS;GUGUK PANJANG;-0.30464450024327455;100.37054955036216;CRM;JL. PERINTIS KEMERDEKAAN NO.15 BUKITTINGGI
;;Sumatera Barat;53;GALLERY KCU BUKITTINGGI;ATTS;GUGUK PANJANG;-0.30464450024327455;100.37054955036216;ATM Tunai;JL.PERINTIS KEMERDEKAAN NO 15 BUKITTINGGI
;;Sumatera Barat;54;GALLERY KCU BUKITTINGGI;ATTS;GUGUK PANJANG;-0.30464450024327455;100.37054955036216;ATM Non-Tunai;JL.PERINTIS KEMERDEKAAN NO 15 BUKITTINGGI
;;Sumatera Barat;55;GALLERY KCU BUKITTINGGI;ATTS;GUGUK PANJANG;-0.30464450024327455;100.37054955036216;ATM Tunai;JL.PERINTIS KEMERDEKAAN NO.15 BUKIT TINGGI
;;Sumatera Barat;56;GALLERY KCU PADANG;KAMPUNG JUA;PADANG BARAT;-0.9431937484678314;100.36764192866495;ATM Non-Tunai;JL. PROKLAMASI NO. 45 PADANG
;;Sumatera Barat;57;GALLERY KCU PADANG;KAMPUNG JUA;PADANG BARAT;-0.9431937484678314;100.36764192866495;ATM Tunai;JL. PROKLAMASI NO. 45 PADANG
;;Sumatera Barat;58;GALLERY KCU PADANG;KAMPUNG JUA;PADANG BARAT;-0.9431937484678314;100.36764192866495;CRM;JL. PROKLAMASI NO. 45 PADANG
;;Sumatera Barat;59;GALLERY KCU PAYAKUMBUH;PARAK BATUANG;PAYAKUMBUH BARAT;-0.22491110613613055;100.6291147840516;CRM;JALAN SUKARNO-HATTA NO.86 PAYAKUMBUH
;;Sumatera Barat;60;GALLERY KCU PAYAKUMBUH;PARAK BATUANG;PAYAKUMBUH BARAT;-0.22491110613613055;100.6291147840516;ATM Tunai;JL VETERAN NO.25 & 27 PAYAKUMBUH
;;Sumatera Barat;61;GALLERY KCU PAYAKUMBUH;PARAK BATUANG;PAYAKUMBUH BARAT;-0.22491110613613055;100.6291147840516;ATM Tunai;JL. SOEKARNO HATTA NO. 86 PAYAKUMBUH
;;Sumatera Barat;62;GALLERY KCU PAYAKUMBUH;PARAK BATUANG;PAYAKUMBUH BARAT;-0.22491110613613055;100.6291147840516;CRM;JL. SOEKARNO HATTA NO. 86 PAYAKUMBUH
;;Sumatera Barat;63;GALLERY KCU PAYAKUMBUH;PARAK BATUANG;PAYAKUMBUH BARAT;-0.22491110613613055;100.6291147840516;ATM Non-Tunai;JL.SOEKARNO HATTA NO.86 PAYAKUMBUH
;;Sumatera Barat;64;GALLERY KCU PAYAKUMBUH;PARAK BATUANG;PAYAKUMBUH BARAT;-0.22491110613613055;100.6291147840516;ATM Tunai;JL.SOEKARNO HATTA NO.86 PAYAKUMBUH
;;Sumatera Barat;65;GALLERY KCU PAYAKUMBUH;PARAK BATUANG;PAYAKUMBUH BARAT;-0.22491110613613055;100.6291147840516;CRM;JL.SOEKARNO HATTA NO.86 PAYAKUMBUH
;;Sumatera Barat;66;GALLERY KCU SOLOK;PASAR PANDAN AIR MATI;TANJUNG HARAPAN;-0.7733327815702054;100.65962656208283;CRM;JALAN K. H AHMAD DAHLAN NO.123 - 125 SOLOK
;;Sumatera Barat;67;GALLERY KCU SOLOK;PASAR PANDAN AIR MATI;TANJUNG HARAPAN;-0.7733327815702054;100.65962656208283;CRM;JL. K.H. AHMAD DAHLAN N0. 123-125 SOLOK
;;Sumatera Barat;68;GALLERY KCU SOLOK;PASAR PANDAN AIR MATI;TANJUNG HARAPAN;-0.7733327815702054;100.65962656208283;ATM Non-Tunai;JL. K.H. AHMAD DAHLAN N0. 123-125 SOLOK
;;Sumatera Barat;69;GALLERY KCU SOLOK;PASAR PANDAN AIR MATI;TANJUNG HARAPAN;-0.7733327815702054;100.65962656208283;ATM Tunai;JL. K.H. AHMAD DAHLAN N0. 123-125 SOLOK
;;Sumatera Barat;70;GALLERY KCU SOLOK;PASAR PANDAN AIR MATI;TANJUNG HARAPAN;-0.7733327815702054;100.65962656208283;ATM Tunai;JL. K.H. AHMAD DAHLAN N0. 123-125 SOLOK
;;Sumatera Barat;71;GALLERY KCU SOLOK;PASAR PANDAN AIR MATI;TANJUNG HARAPAN;-0.7733327815702054;100.65962656208283;ATM Tunai;JL. K.H. AHMAD DAHLAN N0. 123-125 SOLOK
;;Sumatera Barat;72;GALLERY UNIVERSITAS ANDALAS;LIMAU MANIS;PAUH;-0.9380553285774798;100.38097500569003;ATM Tunai;KOMP. UNIV. ANDALAS JL. GEDUNG PKM KAMPUS LIMAU MANIS PADANG
;;Sumatera Barat;73;GALLERY UNIVERSITAS ANDALAS;LIMAU MANIS;PAUH;-0.9380553285774798;100.38097500569003;ATM Tunai;KOMPLEKS UNIVERSITAS ANDALAS LIMAU MANIS PADANG
;;Sumatera Barat;74;GALLERY UNIVERSITAS ANDALAS;LIMAU MANIS;PAUH;-0.9380553285774798;100.38097500569003;ATM Tunai;KOMPLEKS UNIVERSITAS ANDALAS LIMAU MANIS PADANG
;;Sumatera Barat;75;GAREGEH;GAREGEH;MANDIANGIN KOTO SELAYAN;-0.2952669903042768;100.3852879978301;ATM Tunai;JL.SOEKARNO HATTA GANTING BUKITTINGGI
;;Sumatera Barat;76;GRAHA SERAMBI MEKAH;NGALAU;PADANG PANJANG TIMUR;-0.46189284689996857;100.4102418820387;ATM Tunai;JL.A.YANI NO .01 PADANG PANJANG
;;Sumatera Barat;77;HBT WIHARA BUKITTINGGI;BENTENG PASAR ATAS;GUGUAK PANJANG;-0.2876092206928431;100.37298319367927;ATM Tunai;JL. A YANI BUKITTINGGI
;;Sumatera Barat;78;HOKY MART;KEL. MANDIS GANTING;MANDIANGIN KOTO SELAYAN;-0.29702128324041277;100.38675007947266;ATM Tunai;JL. SOEKARNO HATTA GANTING BUKITTINGGI
;;Sumatera Barat;79;HOTEL GRAND MUTIS;BANDAR BUAT;LUBUK KILANGAN;-0.9490968611827025;100.43962304507664;ATM Tunai;JL.SLAMET WARDOYO
;;Sumatera Barat;80;HOTEL IBIS;RIMBO KALUANG;PADANG CARAT;-0.9274888248810643;100.36309003367994;ATM Tunai;JL.TAMAN SISWA NO.1A
;;Sumatera Barat;81;HOTEL ION;ULAK KARANMG UTARA;PADANG UTARA;-0.9077077592447736;100.35107106598296;ATM Tunai;JL. S PARMAN NO. 250 PADANG
;;Sumatera Barat;82;HOTEL MERCURE;PURUS;PADANG BARAT;-0.9357495153771851;100.35274239481888;ATM Tunai;JL PURUS NO. 8 PADANG
;;Sumatera Barat;83;HOTEL MITRA ARENA;ATTS;GUGUK PANJANG;-0.30037521484049035;100.37227123294886;ATM Tunai;JL. SOEKARNO HATTA BUKITTINGGI
;;Sumatera Barat;84;HOTEL MY ALL;KEL. OLO;PADANG BARAT;-0.9428252156741559;100.35171597947603;ATM Tunai;JL. SAMUDRA
;;Sumatera Barat;85;HOTEL OMBILIN;PASAR REMAJA;PASAR REMAJA;-0.6810474096702017;100.7774886948175;ATM Tunai;JL.M YAMIN PASAR REMAJA KOTA SAWAHLUNTO
;;Sumatera Barat;86;HOTEL ROCKY;BENTENG PASAR ATAS;GUGUAK PANJANG;-0.3054102948432958;100.36819025861486;ATM Tunai;JL.YOS SUDARSO NO.29 BUKITTINGGI
;;Sumatera Barat;87;JMK MART;KUBU MARAPALAM;PADANG TIMUR;-0.9717972172823635;100.3804078303963;ATM Tunai;JL. AUR DURI (SIMPANG AIR MATI) PADANG
;;Sumatera Barat;88;JUANDA;RIMBO KALUANG;PADANG BARAT;-0.92254817465556;100.35308608686744;ATM Tunai;JL. JUANDA NO. 29 PADANG
;;Sumatera Barat;89;KAMPUS IAIN BUKIT TINGGI;KUBANG PUTIH;BANUHAMPU;-0.3227500920867539; 100.39652169891515;ATM Tunai;JL. GURUN AUR KUBANG PUTIH KAB AGAM SUAMATERA BARAT
;;Sumatera Barat;90;KAMPUS ITP PADANG;GUNUNG PANGILUN;PADANG UTARA;-0.8935041649115653;100.36549329288009;ATM Tunai;JL. GAJAH MADA PADANG
;;Sumatera Barat;91;KANTOR KAS BYPASS SYARIAH;OLO;PADANG BARAT;-0.8963742587215928;100.36436299481865;ATM Tunai;JALAN BELAKANG OLO NO. 45 PADANG
;;Sumatera Barat;92;KANTOR POS PADANG;SAWAHAN;PADANG BARAT;-0.9286512990363006;100.35655552904706;ATM Tunai;JL. BAGINDO AZIZ CHAN NO.7 PADANG
;;Sumatera Barat;93;KANTOR POS SINGKARAK;SINGKARAK;X KOTO SINGKARAK;-0.6723821802801755;100.60037922692746;ATM Tunai;JL. TAMAN WISATA NO. 27 DESA PASIA SINGKARAK
;;Sumatera Barat;94;KCP MENTAWAI;DESA TUAPEJAT;SIPORA UTARA;-1.899600018519955;99.60272027905044;ATM Tunai;JL. RAYA TUAPEJAT KM.1.5 MENTAWAI
;;Sumatera Barat;95;KCP MUARO SIJUNJUNG;MUARO;SIJUNJUNG;-0.5752481399570553;100.93379807602042;ATM Tunai;JL. SUDIRMAN NO. 190 SUBARANG OMBAK NAGARI
;;Sumatera Barat;96;KCP UJUNG GADING CRM;JORONG KUAMANG;LEMBAH MALINTANG;-0.33353617049351103;99.55138995336617;CRM;JL. FLORES NAGARI UJUNG GADING
;;Sumatera Barat;97;KK PADANG LUAR;NAGARI PADANG LUAR;BANU HAMPU;-0.3350985167072117;100.38196955944277;CRM;JL. RAYA BUKITTINGGI - PADANG KM 4 PASAR PADANG LUAR
;;Sumatera Barat;98;KK SOLOK SELATAN;NAGARI LUBUK GADANG;TANJUNG HARAPAN;-1.5014017883554007;101.24211162156786;ATM Tunai;JL. LINTAS JORONG PADANG ARO SOLOK SELATAN
;;Sumatera Barat;99;KKSP SEMEN PADANG;INDARUNG;LUBUK KILANGAN;-0.949297944276099;100.46608790499572;ATM Tunai;JL.RAYA INDARUNG PADANG
;;Sumatera Barat;100;KLN LUBUK SIKAPING;NAGARI DURIAN TINGGI;LUBUK SIKAPING;-0.12865377757379917;100.1700237599491;ATM Tunai;JL. SUDIRMAN NAGARI DURIAN TINGGI KAB. PASAMAN
;;Sumatera Barat;101;KURANJI;KURANJI;KURANJI;-0.9125179691891289;100.39706424403387;ATM Tunai;JL. RAYA KAMPUNG KELAWI NO. 81 PADANG
;;Sumatera Barat;102;MINIMARKET ASLAM;CAMPAGO GUGUAK BULEK;MANDIANGIN KOTO SELAYAN;-0.28684693644889986;100.38423607870479;ATM Tunai;JL.ABDUL MANAN SIMP GUGUAK BULEK BUKITTINNGI
;;Sumatera Barat;103;NGALAU INDAH PAYAKUMBUH;KUBU GADANG;PAYAKUMBUH BARAT;-0.24016221012758376;100.61314031480165;ATM Tunai;JL SUKARNO HATTA KOTA PAYAKUMBUH
;;Sumatera Barat;104;PDAM PAYAKUMBUH;PADANG TIAKAR;PAYAKUMBUH TIMUR;-0.23363913369243874;100.63305303388876;ATM Tunai;JL.M.YAMIN PAYAKUMBUH
;;Sumatera Barat;105;PLAZA PAYAKUMBUH;LABUAH BARU;PAYAKUMBUH UTARA;-0.184907740390322;100.65036657470698;ATM Tunai;JL.SUDIRMAN PAYAKUMBUH
;;Sumatera Barat;106;PLAZA SUNGAI RUMBAI;SUNGAI RUMBAI;SUNGAI RUMBAI;-0.9998327385298719;101.38552543396301;ATM Tunai;JL. LINTAS SUMATRA KEC. KOTO BARU KAB. DAHRMASRAYA PROV. SUMATERA BARAT
;;Sumatera Barat;107;PLN BUKITTINGGI;ATTS;GUGUK PANJANG;-0.30770904505958546;100.37154103486213;ATM Tunai;KANTOR PLN CAB.BUKITTINGGI
;;Sumatera Barat;108;POLIKLINIK GIGI;KEL. PASAR BARU;PAUH;-0.8720919498233903;100.39083480217538;ATM Tunai;JL. M. HATTA NO. 5 A PADANG
;;Sumatera Barat;109;POLITANI UNAND;TANJUNG PATI;HARAU;-0.1688314179399845;100.66385882234349;ATM Tunai;JL RAYA NEGARA KM 7
;;Sumatera Barat;110;POLITEKNIK PAYAKUMBUH;KOTO TUO;HARAU;-0.16896298592162934;100.66389138023557;ATM Tunai;JL.TAN MALAKA KM 15 PASAR DANGUNG-DANGUNG
;;Sumatera Barat;111;BNI ITP PADANG;ULAK KARANG UTARA;PADANG UTARA;-0.8998497073916407 ;100.36342444411686;ATM Tunai;JL. SUMATERA ULAK KARANG
;;Sumatera Barat;112;RAGASA MOTOR;GURUN LAWEH;LUBEK BAGALUNG;-0.9472515936874509 ;100.38103572510803;ATM Tunai;JL. DR. SUTOMO NO. 48 PADANG
;;Sumatera Barat;113;RM KAYU ARO;KAYU ARO;GUNUNG TALANG;-0.9531502105856623;100.61960042346597;ATM Tunai;JL. RAYA KAYU ARO KAB SOLOK
;;Sumatera Barat;114;RM LAMUN OMBAK;ULAK KARANG SELATAN;PADANG UTARA;-0.908706721476838 ;100.35348653317500;ATM Tunai;JL. KHATIB SULAIMAN
;;Sumatera Barat;115;RM.UMEGA;GUNUNG MEDAN;GUNUNG MEDAN;-0.961386223098266;101.59426565621253;ATM Tunai;JLN LINTAS GN.MEDAN KAB. DHARMASRAYA
;;Sumatera Barat;116;RS. IBNU SHINA;GUNUNG PANGILUN;PADANG UTARA;-0.9171904769852680;100.36720990659400;ATM Tunai;JL. R. SOEPRAPTO MUKA KUNING
;;Sumatera Barat;117;RSUD ADNAN WD;LABUAH BARU;PAYAKUMBUH TIMUR;-0.22262949900840600;100.63914898206500;ATM Tunai;JL.ADE IRMA SURYANI PAYAKUMBUH
;;Sumatera Barat;118;RSUD LUBUK BASUNG;PADANG BARU;KEC. LUBUK BASUNG;-0.3125117592503580;100.0315044627980;ATM Tunai;JL SOEKARNO HATTA
;;Sumatera Barat;119;RSUD PADANG PANJANG;GANTIANG;PADANG PANJANG TIMUR;-0.4553118773256330;100.402023318373;ATM Tunai;JL. TABEK GADANG BUKIK KANDUANG
;;Sumatera Barat;120;RSUD PARIAMAN;KAMPUNG BARU;PARIAMAN TENGAH;-0.63110212587379;100.12566687101900;ATM Tunai;JL. M YAMIN KOTA PARIAMAN
;;Sumatera Barat;121;RSUP. M. JAMIL PADANG;JATI BARU;PADANG TIMUR;-0.9436959043162450;100.36666236438100;ATM Tunai;JL. DANAU AGUNG, KEL.SUNTER AGUNG, KEC.TANJUNG PRIOK, JAKARTA UTARA 14350
;;Sumatera Barat;122;RUMAH MAKAN LAMUN OMBAK;ULAK KARANG UTARA;PADANG UTARA;-0.9070451237473310;100.35335539273800;ATM Tunai;JL. PROVINSI KM. 192, SATUI, ANGSANA, TANAH BUMBU, 72275
;;Sumatera Barat;123;SATE MAK SYUKUR;KEL. SELAING BAWAH;PADANG PANJANG BARAT;-0.46360940482229;100.38071612462400;ATM Tunai;PADANG PANJANG
;;Sumatera Barat;124;SIMPANG GUDANG;KEL. SURABAYO;KEC. LUBUK BASUNG;-0.32132695559526900;99.96359711615660;ATM Tunai;JL.LINTAS TIMUR MANGGOPOH JORONG BALAI I LUBUK BASUNG
;;Sumatera Barat;125;SPBU ALANG LAWEH;ALANG LAWEH;PADANG SELATAN;-0.951516023482538;100.36782670120100;ATM Tunai;JL. MH THAMRIN PADANG
;;Sumatera Barat;126;SPBU BYPASS;KALUMBUK;KALUMPANG;-0.9430910968180570;100.40078352217800;ATM Tunai;JL. RAYA PASS PADANG
;;Sumatera Barat;127;SPBU CANDUNG BASO;IV ANGKAT CANDUNG;IV ANGKAT CANDUNG;-0.29116999634362400;100.40257249674200;ATM Tunai;JL.RAYA BUKITTINGGI-PAYAKUMBUH KM 7
;;Sumatera Barat;128;SPBU CENGKEH;CANGKEH NAN XX;LUBUK BAGALUNG;-0.9534410822189640;100.40795561167700;ATM Tunai;JL. PADANG INDARUNG TANJUNG SABA PADANG
;;Sumatera Barat;129;SPBU JATI PARIAMAN;JATI HILIR;PARIAMAN TENGAH;-0.5971685766951070;100.14068839953400;ATM Tunai;JL. BY PASS JATI PARIAMAN
;;Sumatera Barat;130;SPBU KHATIB SULAIMAN;LOLONG BELANTI;PADANG UTARA;-0.9117645167095770;100.35852209900900;ATM Tunai;JL. KHOTIB SULAIMAN NO.50 PADANG
;;Sumatera Barat;131;SPBU KOTA BARU;KUBUNG;KUBUNG;-0.8133588416533240;100.65494372811900;ATM Tunai;JL. RAYA SOLOK PADANG KM. 5 SOLOK
;;Sumatera Barat;132;SPBU MATA AIR;MATA AIR;PADANG SELATAN;-0.9669309257746370;100.38118815515200;ATM Tunai;JL. ST. SYAHRIR NO. 08 MATA AIR PADANG
;;Sumatera Barat;133;SPBU MUARO KALABAN;MUARO KALABAN;SILUNGKANG;-0.7081978350643530;100.79704327947400;ATM Tunai;JL. LINTAS SUMATERA KM 85 DESA AIA DINGIN
;;Sumatera Barat;134;SPBU PALAPA;BATANG ANAI;BATANG ANAI;-0.7738310020903350;100.31443036043200;ATM Tunai;JL. RAYA PADANG - PADANG PANJANG KM 2-24 KAB. PADANG PARIAMAN
;;Sumatera Barat;135;SPBU PISANG;KUBU PARAK KARAKAH;PADANG TIMUR;-0.9432227642903150;100.40025678093100;ATM Tunai;JL. BY PASS KM 7 PADANG
;;Sumatera Barat;136;SPBU SIMPANG KALUMPANG;LUBUK BUAYA;LUBUK BUAYA;-0.8371090237258100;100.3345741681960;ATM Tunai;JL. ADINEGORO NO. 35 GANTING LUBUK BUAYA
;;Sumatera Barat;137;SPBU SIMPANG PARIT;PARIK MUKO AIE;LAMPOSI TIGO NAGORI;-0.22517147010574000;100.62862079323800;ATM Tunai;JL.DIPONEGORO
;;Sumatera Barat;138;SPBU SUNGAI KAMUYANG;SIUNGAI KAMUYANG;LUAK;-0.23741058899683100;100.68762691371900;ATM Tunai;JL RAYA PAYAKUMBUH-LINTAU SUNGAI KAMUYANG KEC LUAK KAB LIMAPULUH KOTA
;;Sumatera Barat;139;SPBU TABEK PANJANG;BALAI PANJANG;PAYAKUMBUH;-0.17465176138946900;100.58730359985500;ATM Tunai;JL.TAN MALAKA PAYAKUMBUH
;;Sumatera Barat;140;SPBU TALAWI;TALAWI HILIR;TALAWI;-0.5956485742019290;100.73577493010600;ATM Tunai;JL PROF. M YAMIN
;;Sumatera Barat;141;SPBU TANJUNG PATI;NAGARI SARILAMAK;HARAU;-0.15914081188406000;100.66192966412900;ATM Tunai;JL.LINTAS PAYAKUMBUH-PEKANBARU
;;Sumatera Barat;142;STAIN BATU SANGKAR;NAGARI LIMA KAUM;LIMA KAUM;-0.46101495867448300;100.5725527815180;ATM Tunai;JL. SUDIRMAN NO. 37
;;Sumatera Barat;143;STASIUN KAI PADANG;SAWAHAN TIMUR;PADANG TIMUR;-0.943562715705239;100.37437722180400;ATM Tunai;JL. SAWAHAN PADANG
;;Sumatera Barat;144;STIKES PRIMA NUSANTARA;KUBU GULAI BANCAH;GULAI BANCAH;-0.2883856752578730;100.37239824656700;ATM Tunai;JL.KUSUMA BAKTI NO.99 BUKITTINGGI
;;Sumatera Barat;145;SWALAYAN NIAGARA;PARIT RANTANG;PAYAKUMBUH BARAT;-0.22590399970821400;100.62581137319700;ATM Tunai;JL.SOEKARNO HATTA PAYAKUMBUH
;;Sumatera Barat;146;TANDEM DADOK TUNGGUL HITAM;AIR TAWAR TIMUR;TUNGGUL HITAM;-0.8878973415599450;100.35492380574000;ATM Tunai;JL. K.H HASYIM ASHARI NO 63
;;Sumatera Barat;147;TANDEM DALLAS MOTOR;ANDALAS;PADANG TIMUR;-0.9408906334264590;100.3812744524900;ATM Tunai;JALAN ANDALAS NO 38 PADANG
;;Sumatera Barat;148;TANDEM DALLAS MOTOR;ANDALAS;PADANG TIMUR;-0.9408906334264590;100.3812744524900;ATM Tunai;JLN.GARUDA NO.83 LUBUK AMAN
;;Sumatera Barat;149;TANDEM KCP ALAHAN PANJANG;KENAGARIAN ALAHAN PANJANG;LEMBAH GUMANTI;-0.10715546338568900;100.78573918650600;CRM;JL. GAJAH MADA NO. 31
;;Sumatera Barat;150;TANDEM KCP ALAHAN PANJANG;KENAGARIAN ALAHAN PANJANG;LEMBAH GUMANTI;-0.10715546338568900;100.78573918650600;ATM Tunai;JL. GAJAH MADA NO. 31 JORONG ALAHAN PANJANG SOLOK
;;;;TANDEM KCP DANGUNG DANGUNG;NAGARI DANGUANG2;HARAU;-0.11473732791749900;100.54279339953400;ATM Tunai;JL NEGARA KM 12 SARILAMAK KAB LIMAPULUH KOTA
;;;;TANDEM KCP LUBUK ALUNG;NAGARI LUBUK ALUNG;LUBUK ALUNG;-0.6763129719617538 ;100.29002145622813;CRM;JALAN RAYA PADANG-BUKIT TINGGI
;;;;TANDEM KCP PAINAN;PAINAN UTARA;KEC. IV JURAI;-0.12844860610032000;100.57194560370900;CRM;JALAN ILYAS YAKUB NO, 38
;;;;TANDEM KK LUBUK BASUNG;KEL. SURABAYO;KEC. LUBUK BASUNG;-0.3204647965230970;100.0313552054900;CRM;JL. GAJAH MADA NO. 443 LUBUK BASUNG
;;;;TEE BOX CAFÉ;BEROK NIPAH;PADANG SELATAN;-0.9573109162892450;100.35538106598300;ATM Tunai;JL. DIPONEGORO PADANG
;;;;TOKO BESI HIDAYAH;BUKIT SURUNGAN;PADANG PANJANG BARAT;-0.4605979749850340;100.40052130363600;ATM Tunai;JL. PROF HAMKA PS. USANG PADANG PANJANG
;;;;SPORT CENTRE GUNUNG PANGILUN;GUNUNG PANGILUN;PADANG UTARA;-0.9116398987274146;100.36358920060200;ATM Tunai;JL. GAJAH MADA NO.105 B GUNUNG PANGILUN PADANG
